1001|INTFS001A - Sales Allocation (Starter Pack - Stock Dump)|101|2|2|1|java:global/EnhancesysManagement/IntegrationServices/CSVtoJSONConverter!com.enhancesys.integration.services.interfaces.converter.DataConverter|java:global/EnhancesysManagement/IntegrationPublishers/WebServicePublisher!com.enhancesys.integration.services.interfaces.publisher.DataPublisher|NULL|2017-11-29 12:21:21.721+05:30
1002|INTFS001A - Sales Allocation (Starter Pack - Stock Dump)|101|3|1|1|java:global/EnhancesysManagement/IntegrationServices/CSVtoJSONConverter!com.enhancesys.integration.services.interfaces.converter.DataConverter|java:global/EnhancesysManagement/IntegrationPublishers/WebServicePublisher!com.enhancesys.integration.services.interfaces.publisher.DataPublisher|NULL|2017-11-29 12:21:21.721+05:30
1003|INTFS001B - Sales Allocation (Starter Pack - Alloc Dump)|102|2|2|1|java:global/EnhancesysManagement/IntegrationServices/CSVtoJSONConverter!com.enhancesys.integration.services.interfaces.converter.DataConverter|java:global/EnhancesysManagement/IntegrationPublishers/WebServicePublisher!com.enhancesys.integration.services.interfaces.publisher.DataPublisher|NULL|2017-11-29 12:21:21.721+05:30
1004|INTFS001B - Sales Allocation (Starter Pack - Alloc Dump)|102|3|1|1|java:global/EnhancesysManagement/IntegrationServices/CSVtoJSONConverter!com.enhancesys.integration.services.interfaces.converter.DataConverter|java:global/EnhancesysManagement/IntegrationPublishers/WebServicePublisher!com.enhancesys.integration.services.interfaces.publisher.DataPublisher|NULL|2017-11-29 12:21:21.721+05:30
1005|INTFS002A - Sales Allocation (Vouchers - Stock Dump)|103|2|2|1|java:global/EnhancesysManagement/IntegrationServices/CSVtoJSONConverter!com.enhancesys.integration.services.interfaces.converter.DataConverter|java:global/EnhancesysManagement/IntegrationPublishers/WebServicePublisher!com.enhancesys.integration.services.interfaces.publisher.DataPublisher|NULL|2017-11-29 12:21:21.721+05:30
1006|INTFS002A - Sales Allocation (Vouchers - Stock Dump)|103|3|1|1|java:global/EnhancesysManagement/IntegrationServices/CSVtoJSONConverter!com.enhancesys.integration.services.interfaces.converter.DataConverter|java:global/EnhancesysManagement/IntegrationPublishers/WebServicePublisher!com.enhancesys.integration.services.interfaces.publisher.DataPublisher|NULL|2017-11-29 12:21:21.721+05:30
1007|INTFS002B - Sales Allocation (Vouchers - Alloc Dump)|104|2|2|1|java:global/EnhancesysManagement/IntegrationServices/CSVtoJSONConverter!com.enhancesys.integration.services.interfaces.converter.DataConverter|java:global/EnhancesysManagement/IntegrationPublishers/WebServicePublisher!com.enhancesys.integration.services.interfaces.publisher.DataPublisher|NULL|2017-11-29 12:21:21.721+05:30
1008|INTFS002B - Sales Allocation (Vouchers - Alloc Dump)|104|3|1|1|java:global/EnhancesysManagement/IntegrationServices/CSVtoJSONConverter!com.enhancesys.integration.services.interfaces.converter.DataConverter|java:global/EnhancesysManagement/IntegrationPublishers/WebServicePublisher!com.enhancesys.integration.services.interfaces.publisher.DataPublisher|NULL|2017-11-29 12:21:21.721+05:30
1009|INTFS003 - Product Creation|105|2|2|1|java:global/EnhancesysManagement/IntegrationServices/CSVtoJSONConverter!com.enhancesys.integration.services.interfaces.converter.DataConverter|java:global/EnhancesysManagement/IntegrationPublishers/WebServicePublisher!com.enhancesys.integration.services.interfaces.publisher.DataPublisher|NULL|2017-11-29 12:21:21.721+05:30
1010|INTFS003 - Product Creation|105|3|1|1|java:global/EnhancesysManagement/IntegrationServices/CSVtoJSONConverter!com.enhancesys.integration.services.interfaces.converter.DataConverter|java:global/EnhancesysManagement/IntegrationPublishers/WebServicePublisher!com.enhancesys.integration.services.interfaces.publisher.DataPublisher|NULL|2017-11-29 12:21:21.721+05:30
1011|INTFS004 - Serail Number Expiry|106|2|2|1|java:global/EnhancesysManagement/IntegrationServices/CSVtoJSONConverter!com.enhancesys.integration.services.interfaces.converter.DataConverter|java:global/EnhancesysManagement/IntegrationPublishers/WebServicePublisher!com.enhancesys.integration.services.interfaces.publisher.DataPublisher|NULL|2017-11-29 12:21:21.721+05:30
1012|INTFS004 - Serail Number Expiry|106|3|1|1|java:global/EnhancesysManagement/IntegrationServices/CSVtoJSONConverter!com.enhancesys.integration.services.interfaces.converter.DataConverter|java:global/EnhancesysManagement/IntegrationPublishers/WebServicePublisher!com.enhancesys.integration.services.interfaces.publisher.DataPublisher|NULL|2017-11-29 12:21:21.721+05:30
1013|INTDW001 - Activation Feed|107|2|2|1|java:global/EnhancesysManagement/IntegrationServices/CSVtoJSONConverter!com.enhancesys.integration.services.interfaces.converter.DataConverter|java:global/EnhancesysManagement/IntegrationPublishers/WebServicePublisher!com.enhancesys.integration.services.interfaces.publisher.DataPublisher|NULL|2017-11-29 12:21:21.721+05:30
1014|INTDW001 - Activation Feed|107|3|1|1|java:global/EnhancesysManagement/IntegrationServices/CSVtoJSONConverter!com.enhancesys.integration.services.interfaces.converter.DataConverter|java:global/EnhancesysManagement/IntegrationPublishers/WebServicePublisher!com.enhancesys.integration.services.interfaces.publisher.DataPublisher|NULL|2017-11-29 12:21:21.721+05:30
1015|INTDW002 - Deactivation Feed|108|2|2|1|java:global/EnhancesysManagement/IntegrationServices/CSVtoJSONConverter!com.enhancesys.integration.services.interfaces.converter.DataConverter|java:global/EnhancesysManagement/IntegrationPublishers/WebServicePublisher!com.enhancesys.integration.services.interfaces.publisher.DataPublisher|NULL|2017-11-29 12:21:21.721+05:30
1016|INTDW002 - Deactivation Feed|108|3|1|1|java:global/EnhancesysManagement/IntegrationServices/CSVtoJSONConverter!com.enhancesys.integration.services.interfaces.converter.DataConverter|java:global/EnhancesysManagement/IntegrationPublishers/WebServicePublisher!com.enhancesys.integration.services.interfaces.publisher.DataPublisher|NULL|2017-11-29 12:21:21.721+05:30
1017|INTID006 - Hierarchy Sync|109|2|1|1|java:global/EnhancesysManagement/IntegrationServices/HierarchyDump!com.enhancesys.integration.services.interfaces.processor.PullFromMongo||NULL|2017-11-29 12:21:21.721+05:30
1018|INTSM001 - Organization Creation|110|3|1|1|java:global/EnhancesysManagement/IntegrationServices/JsonXmlDataConverter!com.enhancesys.integration.services.interfaces.converter.DataConverter|java:global/EnhancesysManagement/IntegrationPublishers/WebServicePublisher!com.enhancesys.integration.services.interfaces.publisher.DataPublisher|NULL|2017-11-29 12:21:21.721+05:30
1019|INTSM002 - Organization Status Change|111|3|1|1|java:global/EnhancesysManagement/IntegrationServices/JsonXmlDataConverter!com.enhancesys.integration.services.interfaces.converter.DataConverter|java:global/EnhancesysManagement/IntegrationPublishers/WebServicePublisher!com.enhancesys.integration.services.interfaces.publisher.DataPublisher|NULL|2017-11-29 12:21:21.721+05:30
1020|INTSM003 - Organization Modification|112|3|1|1|java:global/EnhancesysManagement/IntegrationServices/JsonXmlDataConverter!com.enhancesys.integration.services.interfaces.converter.DataConverter|java:global/EnhancesysManagement/IntegrationPublishers/WebServicePublisher!com.enhancesys.integration.services.interfaces.publisher.DataPublisher|NULL|2017-11-29 12:21:21.721+05:30
1021|INTSM004 - User Creation|113|3|1|1|java:global/EnhancesysManagement/IntegrationServices/JsonXmlDataConverter!com.enhancesys.integration.services.interfaces.converter.DataConverter|java:global/EnhancesysManagement/IntegrationPublishers/WebServicePublisher!com.enhancesys.integration.services.interfaces.publisher.DataPublisher|NULL|2017-11-29 12:21:21.721+05:30
1022|INTSM005 - User Status Change|114|3|1|1|java:global/EnhancesysManagement/IntegrationServices/JsonXmlDataConverter!com.enhancesys.integration.services.interfaces.converter.DataConverter|java:global/EnhancesysManagement/IntegrationPublishers/WebServicePublisher!com.enhancesys.integration.services.interfaces.publisher.DataPublisher|NULL|2017-11-29 12:21:21.721+05:30
1023|INTSM006 - User Modification|115|3|1|1|java:global/EnhancesysManagement/IntegrationServices/JsonXmlDataConverter!com.enhancesys.integration.services.interfaces.converter.DataConverter|java:global/EnhancesysManagement/IntegrationPublishers/WebServicePublisher!com.enhancesys.integration.services.interfaces.publisher.DataPublisher|NULL|2017-11-29 12:21:21.721+05:30
1024|INTSM015 - Transaction Details|116|2|1|1|java:global/EnhancesysManagement/IntegrationServices/OutletTransactionsDataDump!com.enhancesys.integration.services.interfaces.processor.PullDataToFile||NULL|2017-12-26 12:21:21.721+05:30
1025|INTSM016 - Organization Sync SM|117|2|2|1|java:global/EnhancesysManagement/IntegrationServices/CSVtoJSONConverter!com.enhancesys.integration.services.interfaces.converter.DataConverter|java:global/EnhancesysManagement/IntegrationPublishers/WebServicePublisher!com.enhancesys.integration.services.interfaces.publisher.DataPublisher|NULL|2017-12-27 12:21:21.721+05:30
1026|INTSM016 - Organization Sync SM|117|3|1|1|java:global/EnhancesysManagement/IntegrationServices/CSVtoJSONConverter!com.enhancesys.integration.services.interfaces.converter.DataConverter|java:global/EnhancesysManagement/IntegrationPublishers/WebServicePublisher!com.enhancesys.integration.services.interfaces.publisher.DataPublisher|NULL|2017-12-27 12:21:21.721+05:30
1027|INTSM017 - User Sync SM|118|2|2|1|java:global/EnhancesysManagement/IntegrationServices/CSVtoJSONConverter!com.enhancesys.integration.services.interfaces.converter.DataConverter|java:global/EnhancesysManagement/IntegrationPublishers/WebServicePublisher!com.enhancesys.integration.services.interfaces.publisher.DataPublisher|NULL|2017-12-27 12:21:21.721+05:30
1028|INTSM017 - User Sync SM|118|3|1|1|java:global/EnhancesysManagement/IntegrationServices/CSVtoJSONConverter!com.enhancesys.integration.services.interfaces.converter.DataConverter|java:global/EnhancesysManagement/IntegrationPublishers/WebServicePublisher!com.enhancesys.integration.services.interfaces.publisher.DataPublisher|NULL|2017-12-27 12:21:21.721+05:30
1029|INTID007 - User Sync ID|119|2|1|1|java:global/EnhancesysManagement/IntegrationServices/UsersDump!com.enhancesys.integration.services.interfaces.processor.PullFromMongo||NULL|2018-01-03 12:21:21.721+05:30
1030|INTRAFMS001 & DAILY_DUMP - Snapshot Organization Details|120|2|1|1|java:global/EnhancesysManagement/IntegrationServices/GenericDailyDump!com.enhancesys.integration.services.interfaces.processor.PullFromMongo||NULL|2018-03-13 12:21:21.721+05:30
1031|INTRAFMS003 & DAILY_DUMP - Snapshot User detail| 121|2|1|1|java:global/EnhancesysManagement/IntegrationServices/GenericDailyDump!com.enhancesys.integration.services.interfaces.processor.PullFromMongo||NULL|2018-03-13 12:21:21.721+05:30
1032|DAILY_DUMP - Snapshot_NodeID_detail| 122|2|1|1|java:global/EnhancesysManagement/IntegrationServices/GenericDailyDump!com.enhancesys.integration.services.interfaces.processor.PullFromMongo||NULL|2018-03-13 12:21:21.721+05:30
1033|DAILY_DUMP - Snapshot_Role_detail| 123|2|1|1|java:global/EnhancesysManagement/IntegrationServices/GenericDailyDump!com.enhancesys.integration.services.interfaces.processor.PullFromMongo||NULL|2018-03-13 12:21:21.721+05:30
1034|DAILY_DUMP - Master and dictionary Detail|124|2|1|1|java:global/EnhancesysManagement/IntegrationServices/GenericDailyDump!com.enhancesys.integration.services.interfaces.processor.PullFromMongo||NULL|now
1035|DAILY_DUMP - NodeId_to_territory_map|125|2|1|1|java:global/EnhancesysManagement/IntegrationServices/GenericDailyDump!com.enhancesys.integration.services.interfaces.processor.PullFromMongo||NULL|now
1036|DAILY_DUMP - Stock Organization Summary|126|2|1|1|java:global/EnhancesysManagement/IntegrationServices/GenericDailyDump!com.enhancesys.integration.services.interfaces.processor.PullFromMongo||NULL|now
1037|DAILY_DUMP - Product Extend Expired Date|127|2|1|1|java:global/EnhancesysManagement/IntegrationServices/GenericDailyDump!com.enhancesys.integration.services.interfaces.processor.PullFromMongo||NULL|now
1038|DAILY_DUMP - User Registration Detail|128|2|1|1|java:global/EnhancesysManagement/IntegrationServices/GenericDailyDump!com.enhancesys.integration.services.interfaces.processor.PullFromMongo||NULL|now
1039|DAILY_DUMP - Survey Detail Report|129|2|1|1|java:global/EnhancesysManagement/IntegrationServices/GenericDailyDump!com.enhancesys.integration.services.interfaces.processor.PullFromMongo||NULL|now
1040|INTRAFMS002 & DAILY_DUMP - Organization mapping to user Detail|130|2|1|1|java:global/EnhancesysManagement/IntegrationServices/GenericDailyDump!com.enhancesys.integration.services.interfaces.processor.PullFromMongo||NULL|now
1041|DAILY_DUMP - Internal Sales Detail Activity|131|2|1|1|java:global/EnhancesysManagement/IntegrationServices/GenericDailyDump!com.enhancesys.integration.services.interfaces.processor.PullFromMongo||NULL|now
1042|DAILY_DUMP - Snapshot HotSpot Detail|132|2|1|1|java:global/EnhancesysManagement/IntegrationServices/GenericDailyDump!com.enhancesys.integration.services.interfaces.processor.PullFromMongo||NULL|now
1043|DAILY_DUMP - Foss/StockEntry Detail|133|2|1|1|java:global/EnhancesysManagement/IntegrationServices/GenericDailyDump!com.enhancesys.integration.services.interfaces.processor.PullFromMongo||NULL|now
1044|DAILY_DUMP - Physical Distribution Detail|134|2|1|1|java:global/EnhancesysManagement/IntegrationServices/GenericDailyDump!com.enhancesys.integration.services.interfaces.processor.PullFromMongo||NULL|now
1045|INTRAFMS005 & DAILY_DUMP - Sellout transaction Detail|135|2|1|1|java:global/EnhancesysManagement/IntegrationServices/GenericDailyDump!com.enhancesys.integration.services.interfaces.processor.PullFromMongo||NULL|now
1046|DAILY_DUMP - Stock Adjustment Detail|136|2|1|1|java:global/EnhancesysManagement/IntegrationServices/GenericDailyDump!com.enhancesys.integration.services.interfaces.processor.PullFromMongo||NULL|now
1047|DAILY_DUMP - Stock Expired Date Detail|137|2|1|1|java:global/EnhancesysManagement/IntegrationServices/GenericDailyDump!com.enhancesys.integration.services.interfaces.processor.PullFromMongo||NULL|now
1048|DAILY_DUMP - Activation Detail|138|2|1|1|java:global/EnhancesysManagement/IntegrationServices/GenericDailyDump!com.enhancesys.integration.services.interfaces.processor.PullFromMongo||NULL|now
1049|INTDW017 - Transactions Details|139|2|1|1|java:global/EnhancesysManagement/IntegrationServices/OutletTransactionsDataDump!com.enhancesys.integration.services.interfaces.processor.PullDataToFile||NULL|now
1050|INTRAFMS004 & DAILY_DUMP - Organization Stock Detail|140|2|1|1|java:global/EnhancesysManagement/IntegrationServices/GenericDailyDump!com.enhancesys.integration.services.interfaces.processor.PullFromMongo||NULL|now
1051|INTSM021 - Voucher Injection|141|2|2|1|java:global/EnhancesysManagement/IntegrationServices/CSVtoJSONConverter!com.enhancesys.integration.services.interfaces.converter.DataConverter|java:global/EnhancesysManagement/IntegrationPublishers/WebServicePublisher!com.enhancesys.integration.services.interfaces.publisher.DataPublisher|NULL|now
1052|DAILY_DUMP - Snapshot Organization Stock Detail|159|2|1|1|java:global/EnhancesysManagement/IntegrationServices/GenericDailyDump!com.enhancesys.integration.services.interfaces.processor.PullFromMongo||NULL|now
1053|INTDW003 - Voucher Redemption|142|2|2|1|java:global/EnhancesysManagement/IntegrationServices/CSVtoJSONConverter!com.enhancesys.integration.services.interfaces.converter.DataConverter|java:global/EnhancesysManagement/IntegrationPublishers/WebServicePublisher!com.enhancesys.integration.services.interfaces.publisher.DataPublisher|NULL|now
1054|INTDW003 - Voucher Redemption|142|3|1|1|java:global/EnhancesysManagement/IntegrationServices/CSVtoJSONConverter!com.enhancesys.integration.services.interfaces.converter.DataConverter|java:global/EnhancesysManagement/IntegrationPublishers/WebServicePublisher!com.enhancesys.integration.services.interfaces.publisher.DataPublisher|NULL|now
1055|DAILY_DUMP - Sozialition Details|143|2|1|1|java:global/EnhancesysManagement/IntegrationServices/GenericDailyDump!com.enhancesys.integration.services.interfaces.processor.PullFromMongo||NULL|now
1056|DAILY_DUMP - Attendance Details|144|2|1|1|java:global/EnhancesysManagement/IntegrationServices/GenericDailyDump!com.enhancesys.integration.services.interfaces.processor.PullFromMongo||NULL|now
1057|DAILY_DUMP - VC Data Detail Dist|145|2|1|1|java:global/EnhancesysManagement/IntegrationServices/GenericDailyDump!com.enhancesys.integration.services.interfaces.processor.PullFromMongo||NULL|now
1058|DAILY_DUMP - VC Data Injected|146|2|1|1|java:global/EnhancesysManagement/IntegrationServices/GenericDailyDump!com.enhancesys.integration.services.interfaces.processor.PullFromMongo||NULL|now
1059|DAILY_DUMP - VC Data Redeem Detail|147|2|1|1|java:global/EnhancesysManagement/IntegrationServices/GenericDailyDump!com.enhancesys.integration.services.interfaces.processor.PullFromMongo||NULL|now
1060|DAILY_DUMP - VC Data Tracking Detail|148|2|1|1|java:global/EnhancesysManagement/IntegrationServices/GenericDailyDump!com.enhancesys.integration.services.interfaces.processor.PullFromMongo||NULL|now
1061|INTSM020 - Organization Stock Detail|149|2|1|1|java:global/EnhancesysManagement/IntegrationServices/GenericDailyDump!com.enhancesys.integration.services.interfaces.processor.PullFromMongo||NULL|now
1062|INTNDB001 - LACCI Data|150|2|2|1|java:global/EnhancesysManagement/IntegrationServices/CSVtoJSONConverter!com.enhancesys.integration.services.interfaces.converter.DataConverter|java:global/EnhancesysManagement/IntegrationPublishers/WebServicePublisher!com.enhancesys.integration.services.interfaces.publisher.DataPublisher|NULL|now
1063|INTNDB001 - LACCI Data|150|3|1|1|java:global/EnhancesysManagement/IntegrationServices/CSVtoJSONConverter!com.enhancesys.integration.services.interfaces.converter.DataConverter|java:global/EnhancesysManagement/IntegrationPublishers/WebServicePublisher!com.enhancesys.integration.services.interfaces.publisher.DataPublisher|NULL|now
1064|INTSM023 - Org To Org Transfer|151|2|2|1|java:global/EnhancesysManagement/IntegrationServices/CSVtoJSONConverter!com.enhancesys.integration.services.interfaces.converter.DataConverter|java:global/EnhancesysManagement/IntegrationPublishers/WebServicePublisher!com.enhancesys.integration.services.interfaces.publisher.DataPublisher|NULL|now
1065|INTSM024 - Indosat to Org Transfer|152|2|2|1|java:global/EnhancesysManagement/IntegrationServices/CSVtoJSONConverter!com.enhancesys.integration.services.interfaces.converter.DataConverter|java:global/EnhancesysManagement/IntegrationPublishers/WebServicePublisher!com.enhancesys.integration.services.interfaces.publisher.DataPublisher|NULL|now
1066|INTDW004 - Sale Revenue LACCI|153|2|2|1|java:global/EnhancesysManagement/IntegrationServices/CSVtoJSONConverter!com.enhancesys.integration.services.interfaces.converter.DataConverter|java:global/EnhancesysManagement/IntegrationPublishers/WebServicePublisher!com.enhancesys.integration.services.interfaces.publisher.DataPublisher|NULL|now
1067|INTDW005 - Sale Revenue Organization|154|2|2|1|java:global/EnhancesysManagement/IntegrationServices/CSVtoJSONConverter!com.enhancesys.integration.services.interfaces.converter.DataConverter|java:global/EnhancesysManagement/IntegrationPublishers/WebServicePublisher!com.enhancesys.integration.services.interfaces.publisher.DataPublisher|NULL|now
1068|INTDW006 - Package Activation A#|155|2|2|1|java:global/EnhancesysManagement/IntegrationServices/CSVtoJSONConverter!com.enhancesys.integration.services.interfaces.converter.DataConverter|java:global/EnhancesysManagement/IntegrationPublishers/WebServicePublisher!com.enhancesys.integration.services.interfaces.publisher.DataPublisher|NULL|now
1069|INTDW007 - Package Activation B#|156|2|2|1|java:global/EnhancesysManagement/IntegrationServices/CSVtoJSONConverter!com.enhancesys.integration.services.interfaces.converter.DataConverter|java:global/EnhancesysManagement/IntegrationPublishers/WebServicePublisher!com.enhancesys.integration.services.interfaces.publisher.DataPublisher|NULL|now
1070|INTDW008 - Usage Revenue LACCI|157|2|2|1|java:global/EnhancesysManagement/IntegrationServices/CSVtoJSONConverter!com.enhancesys.integration.services.interfaces.converter.DataConverter|java:global/EnhancesysManagement/IntegrationPublishers/WebServicePublisher!com.enhancesys.integration.services.interfaces.publisher.DataPublisher|NULL|now
1071|INTDW015 - SGE|158|2|2|1|java:global/EnhancesysManagement/IntegrationServices/CSVtoJSONConverter!com.enhancesys.integration.services.interfaces.converter.DataConverter|java:global/EnhancesysManagement/IntegrationPublishers/WebServicePublisher!com.enhancesys.integration.services.interfaces.publisher.DataPublisher|NULL|now
1072|INTDW016 - WHITELIST A#B#|160|2|1|1|java:global/EnhancesysManagement/IntegrationServices/WhiteListABDump!com.enhancesys.integration.services.interfaces.processor.PullDataToFile||NULL|now
1073|DAILY_DUMP - Visit Organization Detail|205|2|1|1|java:global/EnhancesysManagement/IntegrationServices/GenericDataProcessor!com.enhancesys.integration.services.interfaces.processor.PullFromMongo||NULL|now
1074|DAILY_DUMP - Visit Org Activity Detail|218|2|1|1|java:global/EnhancesysManagement/IntegrationServices/VisitOrgActivityDetailDump!com.enhancesys.integration.services.interfaces.processor.PullFromMongo||NULL|now
1075|INTSM018 - Transaction Summary|161|2|2|1|java:global/EnhancesysManagement/IntegrationServices/CSVtoJSONConverter!com.enhancesys.integration.services.interfaces.converter.DataConverter|java:global/EnhancesysManagement/IntegrationPublishers/WebServicePublisher!com.enhancesys.integration.services.interfaces.publisher.DataPublisher|NULL|now
1076|INTDW009 - Reload A#|162|2|2|1|java:global/EnhancesysManagement/IntegrationServices/CSVtoJSONConverter!com.enhancesys.integration.services.interfaces.converter.DataConverter|java:global/EnhancesysManagement/IntegrationPublishers/WebServicePublisher!com.enhancesys.integration.services.interfaces.publisher.DataPublisher|NULL|now
1077|INTDW010 - Reload B#|163|2|2|1|java:global/EnhancesysManagement/IntegrationServices/CSVtoJSONConverter!com.enhancesys.integration.services.interfaces.converter.DataConverter|java:global/EnhancesysManagement/IntegrationPublishers/WebServicePublisher!com.enhancesys.integration.services.interfaces.publisher.DataPublisher|NULL|now
1078|INTDW012 - Usage A#B#|164|2|2|1|java:global/EnhancesysManagement/IntegrationServices/CSVtoJSONConverter!com.enhancesys.integration.services.interfaces.converter.DataConverter|java:global/EnhancesysManagement/IntegrationPublishers/WebServicePublisher!com.enhancesys.integration.services.interfaces.publisher.DataPublisher|NULL|now
1079|INTDW013 - Add On A#B#|165|2|2|1|java:global/EnhancesysManagement/IntegrationServices/CSVtoJSONConverter!com.enhancesys.integration.services.interfaces.converter.DataConverter|java:global/EnhancesysManagement/IntegrationPublishers/WebServicePublisher!com.enhancesys.integration.services.interfaces.publisher.DataPublisher|NULL|now
1080|INTDW014 - Reload A#B#|166|2|2|1|java:global/EnhancesysManagement/IntegrationServices/CSVtoJSONConverter!com.enhancesys.integration.services.interfaces.converter.DataConverter|java:global/EnhancesysManagement/IntegrationPublishers/WebServicePublisher!com.enhancesys.integration.services.interfaces.publisher.DataPublisher|NULL|now
1081|INTDW011 - Reload Sellin-Sellout|167|2|2|1|java:global/EnhancesysManagement/IntegrationServices/CSVtoJSONConverter!com.enhancesys.integration.services.interfaces.converter.DataConverter|java:global/EnhancesysManagement/IntegrationPublishers/WebServicePublisher!com.enhancesys.integration.services.interfaces.publisher.DataPublisher|NULL|now
1082|INTSM019 - Organization Balance|168|2|2|1|java:global/EnhancesysManagement/IntegrationServices/CSVtoJSONConverter!com.enhancesys.integration.services.interfaces.converter.DataConverter|java:global/EnhancesysManagement/IntegrationPublishers/WebServicePublisher!com.enhancesys.integration.services.interfaces.publisher.DataPublisher|NULL|now
1083|DAILY_DUMP - Sales Promo Program Daily Dump|169|2|1|1|java:global/EnhancesysManagement/IntegrationServices/GenericDataProcessor!com.enhancesys.integration.services.interfaces.processor.PullFromMongo||NULL|now
1084|DAILY_DUMP - Sales Event Daily Dump|170|2|1|1|java:global/EnhancesysManagement/IntegrationServices/GenericDataProcessor!com.enhancesys.integration.services.interfaces.processor.PullFromMongo||NULL|now
1085|DAILY_DUMP - Sales Event Detail MSISDN|171|2|1|1|java:global/EnhancesysManagement/IntegrationServices/GenericDataProcessor!com.enhancesys.integration.services.interfaces.processor.PullFromMongo||NULL|now
1086|DAILY_DUMP - Network Survey Detail Dump|172|2|1|1|java:global/EnhancesysManagement/IntegrationServices/GenericDataProcessor!com.enhancesys.integration.services.interfaces.processor.PullFromMongo||NULL|now
1087|DAILY_DUMP - Complaint Detail|173|2|1|1|java:global/EnhancesysManagement/IntegrationServices/GenericDataProcessor!com.enhancesys.integration.services.interfaces.processor.PullFromMongo||NULL|now
1088|DAILY_DUMP - Quiz Sum Detail|174|2|1|1|java:global/EnhancesysManagement/IntegrationServices/GenericDataProcessor!com.enhancesys.integration.services.interfaces.processor.PullFromMongo||NULL|now
1089|DAILY_DUMP - Quiz Detail|175|2|1|1|java:global/EnhancesysManagement/IntegrationServices/GenericDataProcessor!com.enhancesys.integration.services.interfaces.processor.PullFromMongo||NULL|now
1090|INTUP001 - Organization Sync With SM - Upload|176|2|2|1|java:global/EnhancesysManagement/IntegrationServices/CSVtoJSONConverter!com.enhancesys.integration.services.interfaces.converter.DataConverter|java:global/EnhancesysManagement/IntegrationPublishers/WebServicePublisher!com.enhancesys.integration.services.interfaces.publisher.DataPublisher|NULL|now
1091|INTUP001 - Organization Sync With SM - Upload|176|3|1|1|java:global/EnhancesysManagement/IntegrationServices/CSVtoJSONConverter!com.enhancesys.integration.services.interfaces.converter.DataConverter|java:global/EnhancesysManagement/IntegrationPublishers/WebServicePublisher!com.enhancesys.integration.services.interfaces.publisher.DataPublisher|NULL|now
1092|INTUP002 - User Sync With SM - Upload|177|2|2|1|java:global/EnhancesysManagement/IntegrationServices/CSVtoJSONConverter!com.enhancesys.integration.services.interfaces.converter.DataConverter|java:global/EnhancesysManagement/IntegrationPublishers/WebServicePublisher!com.enhancesys.integration.services.interfaces.publisher.DataPublisher|NULL|now
1093|INTUP002 - User Sync With SM - Upload|177|3|1|1|java:global/EnhancesysManagement/IntegrationServices/CSVtoJSONConverter!com.enhancesys.integration.services.interfaces.converter.DataConverter|java:global/EnhancesysManagement/IntegrationPublishers/WebServicePublisher!com.enhancesys.integration.services.interfaces.publisher.DataPublisher|NULL|now
1094|DAILY_DUMP - SOM Summary Territory|178|2|1|1|java:global/EnhancesysManagement/IntegrationServices/GenericDailyDump!com.enhancesys.integration.services.interfaces.processor.PullFromMongo||NULL|now
1095|DAILY_DUMP - Rating Detail Dump|179|2|1|1|java:global/EnhancesysManagement/IntegrationServices/GenericDataProcessor!com.enhancesys.integration.services.interfaces.processor.PullFromMongo||NULL|now
1096|DAILY_DUMP - Deactivation Dump|180|2|1|1|java:global/EnhancesysManagement/IntegrationServices/GenericDataProcessor!com.enhancesys.integration.services.interfaces.processor.PullFromMongo||NULL|now
1097|DAILY_DUMP - Create POI Object|181|2|1|1|java:global/EnhancesysManagement/IntegrationServices/GenericDataProcessor!com.enhancesys.integration.services.interfaces.processor.PullFromMongo||NULL|now
1098|DAILY_DUMP - Close POI Object|182|2|1|1|java:global/EnhancesysManagement/IntegrationServices/GenericDataProcessor!com.enhancesys.integration.services.interfaces.processor.PullFromMongo||NULL|now
1099|DAILY_DUMP - POI Detail|183|2|1|1|java:global/EnhancesysManagement/IntegrationServices/GenericDataProcessor!com.enhancesys.integration.services.interfaces.processor.PullFromMongo||NULL|now
1100|DAILY_DUMP - Detail Usage Report|184|2|1|1|java:global/EnhancesysManagement/IntegrationServices/GenericDataProcessor!com.enhancesys.integration.services.interfaces.processor.PullFromMongo||NULL|now
1101|Notification|100|1|2|1||java:global/EnhancesysManagement/IntegrationConsumers/QueueConsumer!com.enhancesys.integration.services.interfaces.consumer.DataConsumer|NULL|2017-11-29 12:21:21.721+05:30
1102|Notification|100|3|1|1|java:global/EnhancesysManagement/IntegrationServices/NotificationConverter!com.enhancesys.integration.services.interfaces.converter.DataConverter|java:global/EnhancesysManagement/IntegrationPublishers/NotificationPublisher!com.enhancesys.integration.services.interfaces.publisher.DataPublisher|NULL|2017-11-29 12:21:21.721+05:30
1103|DAILY_DUMP - SP Act and Deact Baseon SO Detail|185|2|1|1|java:global/EnhancesysManagement/IntegrationServices/GenericDataProcessor!com.enhancesys.integration.services.interfaces.processor.PullFromMongo||NULL|now
1104|DAILY_DUMP - Map Object Detail|186|2|1|1|java:global/EnhancesysManagement/IntegrationServices/GenericDataProcessor!com.enhancesys.integration.services.interfaces.processor.PullFromMongo||NULL|now
1105|DAILY_DUMP - SI Dompetku|187|2|1|1|java:global/EnhancesysManagement/IntegrationServices/GenericDataProcessor!com.enhancesys.integration.services.interfaces.processor.PullFromMongo||NULL|now
1106|DAILY_DUMP - SOM Summary Org Wise|188|2|1|1|java:global/EnhancesysManagement/IntegrationServices/GenericDailyDump!com.enhancesys.integration.services.interfaces.processor.PullFromMongo||NULL|now
1107|DAILY_DUMP - POI Revenue LACCI Wise|189|2|1|1|java:global/EnhancesysManagement/IntegrationServices/GenericDailyDump!com.enhancesys.integration.services.interfaces.processor.PullFromMongo||NULL|now
1108|DAILY_DUMP - POI Revenue Org Wise|190|2|1|1|java:global/EnhancesysManagement/IntegrationServices/GenericDailyDump!com.enhancesys.integration.services.interfaces.processor.PullFromMongo||NULL|now
1109|DAILY_DUMP - Hotspot Performance|191|2|1|1|java:global/EnhancesysManagement/IntegrationServices/GenericDailyDump!com.enhancesys.integration.services.interfaces.processor.PullFromMongo||NULL|now
1110|DAILY_DUMP - Reload A# By LACCI|192|2|1|1|java:global/EnhancesysManagement/IntegrationServices/GenericDailyDump!com.enhancesys.integration.services.interfaces.processor.PullFromMongo||NULL|now
1111|DAILY_DUMP - Reload B# By LACCI|193|2|1|1|java:global/EnhancesysManagement/IntegrationServices/GenericDailyDump!com.enhancesys.integration.services.interfaces.processor.PullFromMongo||NULL|now
1112|DAILY_DUMP - Detail Package Activation A#|194|2|1|1|java:global/EnhancesysManagement/IntegrationServices/GenericDailyDump!com.enhancesys.integration.services.interfaces.processor.PullFromMongo||NULL|now
1113|DAILY_DUMP - Detail Package Activation B#|195|2|1|1|java:global/EnhancesysManagement/IntegrationServices/GenericDailyDump!com.enhancesys.integration.services.interfaces.processor.PullFromMongo||NULL|now
1114|DAILY_DUMP - Rev By MC|196|2|1|1|java:global/EnhancesysManagement/IntegrationServices/GenericDailyDump!com.enhancesys.integration.services.interfaces.processor.PullFromMongo||NULL|now
1115|DAILY_DUMP - Rev By LACCI|197|2|1|1|java:global/EnhancesysManagement/IntegrationServices/GenericDailyDump!com.enhancesys.integration.services.interfaces.processor.PullFromMongo||NULL|now
1116|DAILY_DUMP - KPI Detail|198|2|1|1|java:global/EnhancesysManagement/IntegrationServices/GenericDailyDump!com.enhancesys.integration.services.interfaces.processor.PullFromMongo||NULL|now
1117|DAILY_DUMP - Sellout Reload|199|2|1|1|java:global/EnhancesysManagement/IntegrationServices/GenericDataProcessor!com.enhancesys.integration.services.interfaces.processor.PullFromMongo||NULL|now
1118|DAILY_DUMP - Sellout Addon|200|2|1|1|java:global/EnhancesysManagement/IntegrationServices/GenericDataProcessor!com.enhancesys.integration.services.interfaces.processor.PullFromMongo||NULL|now
1119|DAILY_DUMP - Sellout Usage|201|2|1|1|java:global/EnhancesysManagement/IntegrationServices/GenericDataProcessor!com.enhancesys.integration.services.interfaces.processor.PullFromMongo||NULL|now
1120|DAILY_DUMP - Detail SP CS Act MSISDN|202|2|1|1|java:global/EnhancesysManagement/IntegrationServices/GenericDataProcessor!com.enhancesys.integration.services.interfaces.processor.PullFromMongo||NULL|now
1121|DAILY_DUMP - CS Reload Physical Report SN|203|2|1|1|java:global/EnhancesysManagement/IntegrationServices/GenericDataProcessor!com.enhancesys.integration.services.interfaces.processor.PullFromMongo||NULL|now
1122|DAILY_DUMP - Summary HVC Report|204|2|1|1|java:global/EnhancesysManagement/IntegrationServices/GenericDailyDump!com.enhancesys.integration.services.interfaces.processor.PullFromMongo||NULL|now
1123|DAILY_DUMP - Physical Reload by allocation|206|2|1|1|java:global/EnhancesysManagement/IntegrationServices/GenericDailyDump!com.enhancesys.integration.services.interfaces.processor.PullFromMongo||NULL|now
1124|DAILY_DUMP - Summary CS Reload Physical Report|207|2|1|1|java:global/EnhancesysManagement/IntegrationServices/GenericDailyDump!com.enhancesys.integration.services.interfaces.processor.PullFromMongo||NULL|now
1125|DAILY_DUMP - CS Reload Physical Report|208|2|1|1|java:global/EnhancesysManagement/IntegrationServices/GenericDailyDump!com.enhancesys.integration.services.interfaces.processor.PullFromMongo||NULL|now
1126|DAILY_DUMP - Sum CS Reload of e-voucher|209|2|1|1|java:global/EnhancesysManagement/IntegrationServices/GenericDailyDump!com.enhancesys.integration.services.interfaces.processor.PullFromMongo||NULL|now
1127|DAILY_DUMP - Detail CS Reload of e-voucher|210|2|1|1|java:global/EnhancesysManagement/IntegrationServices/GenericDailyDump!com.enhancesys.integration.services.interfaces.processor.PullFromMongo||NULL|now
1128|DAILY_DUMP - Summary CS SP Act|211|2|1|1|java:global/EnhancesysManagement/IntegrationServices/GenericDailyDump!com.enhancesys.integration.services.interfaces.processor.PullFromMongo||NULL|now
1129|DAILY_DUMP - Detail SP CS Act|212|2|1|1|java:global/EnhancesysManagement/IntegrationServices/GenericDailyDump!com.enhancesys.integration.services.interfaces.processor.PullFromMongo||NULL|now
1130|DAILY_DUMP - Identity Management Log|213|2|1|1|java:global/EnhancesysManagement/IntegrationServices/GenericDataProcessor!com.enhancesys.integration.services.interfaces.processor.PullFromMongo||NULL|now
1131|DAILY_DUMP - Detail AWR Report|214|2|1|1|java:global/EnhancesysManagement/IntegrationServices/DetailAWRDump!com.enhancesys.integration.services.interfaces.processor.PullFromMongo||NULL|now
1132|DAILY_DUMP - Configuration Management Log|215|2|1|1|java:global/EnhancesysManagement/IntegrationServices/GenericDataProcessor!com.enhancesys.integration.services.interfaces.processor.PullFromMongo||NULL|now
1133|DAILY_DUMP - KPI and Incentive Management Log|216|2|1|1|java:global/EnhancesysManagement/IntegrationServices/GenericDataProcessor!com.enhancesys.integration.services.interfaces.processor.PullFromMongo||NULL|now
1134|DAILY_DUMP - Incentive Detail|217|2|1|1|java:global/EnhancesysManagement/IntegrationServices/GenericDataProcessor!com.enhancesys.integration.services.interfaces.processor.PullFromMongo||NULL|now
1135|DAILY_DUMP - Detail HVC |219|2|1|1|java:global/EnhancesysManagement/IntegrationServices/GenericDataProcessor!com.enhancesys.integration.services.interfaces.processor.PullFromMongo||NULL|now
1136|INTSM026 - Transfer Balance|220|3|1|1|java:global/EnhancesysManagement/IntegrationServices/JsonXmlDataConverter!com.enhancesys.integration.services.interfaces.converter.DataConverter|java:global/EnhancesysManagement/IntegrationPublishers/WebServicePublisher!com.enhancesys.integration.services.interfaces.publisher.DataPublisher|NULL|2017-11-29 12:21:21.721+05:30
1137|Query Balance|221|3|1|1|java:global/EnhancesysManagement/IntegrationServices/JsonXmlDataConverter!com.enhancesys.integration.services.interfaces.converter.DataConverter|java:global/EnhancesysManagement/IntegrationPublishers/WebServicePublisher!com.enhancesys.integration.services.interfaces.publisher.DataPublisher|NULL|2017-11-29 12:21:21.721+05:30
1138|INTDW018 - Injection Feed|222|2|2|1|java:global/EnhancesysManagement/IntegrationServices/CSVtoJSONConverter!com.enhancesys.integration.services.interfaces.converter.DataConverter|java:global/EnhancesysManagement/IntegrationPublishers/WebServicePublisher!com.enhancesys.integration.services.interfaces.publisher.DataPublisher|NULL|now
1139|INTDW018 - Injection Feed|222|3|1|1|java:global/EnhancesysManagement/IntegrationServices/CSVtoJSONConverter!com.enhancesys.integration.services.interfaces.converter.DataConverter|java:global/EnhancesysManagement/IntegrationPublishers/WebServicePublisher!com.enhancesys.integration.services.interfaces.publisher.DataPublisher|NULL|now
1140|INTSAP002 - Query Stock|224|3|1|1|java:global/EnhancesysManagement/IntegrationServices/JsonXmlDataConverter!com.enhancesys.integration.services.interfaces.converter.DataConverter|java:global/EnhancesysManagement/IntegrationPublishers/WebServicePublisher!com.enhancesys.integration.services.interfaces.publisher.DataPublisher|NULL|NOW
1141|INTSAP001 - Create SO|225|3|1|1|java:global/EnhancesysManagement/IntegrationServices/JsonXmlDataConverter!com.enhancesys.integration.services.interfaces.converter.DataConverter|java:global/EnhancesysManagement/IntegrationPublishers/WebServicePublisher!com.enhancesys.integration.services.interfaces.publisher.DataPublisher|NULL|NOW
1142|INTSAP003 - Update SO Status|226|3|1|1|java:global/EnhancesysManagement/IntegrationServices/JsonXmlDataConverter!com.enhancesys.integration.services.interfaces.converter.DataConverter|java:global/EnhancesysManagement/IntegrationPublishers/WebServicePublisher!com.enhancesys.integration.services.interfaces.publisher.DataPublisher|NULL|now
1143|INTDW019 - RGU-GA Feed|223|2|2|1|java:global/EnhancesysManagement/IntegrationServices/CSVtoJSONConverter!com.enhancesys.integration.services.interfaces.converter.DataConverter|java:global/EnhancesysManagement/IntegrationPublishers/WebServicePublisher!com.enhancesys.integration.services.interfaces.publisher.DataPublisher|NULL|now
1144|INTDW019 - RGU-GA Feed|223|3|1|1|java:global/EnhancesysManagement/IntegrationServices/CSVtoJSONConverter!com.enhancesys.integration.services.interfaces.converter.DataConverter|java:global/EnhancesysManagement/IntegrationPublishers/WebServicePublisher!com.enhancesys.integration.services.interfaces.publisher.DataPublisher|NULL|now
1145|INTDW022 - Master Hierarchy Feed|227|2|1|1|java:global/EnhancesysManagement/IntegrationServices/GenericDailyDump!com.enhancesys.integration.services.interfaces.processor.PullFromMongo||NULL|now
1146|INTDW020 - Registration Feed (ACT2)|228|2|2|1|java:global/EnhancesysManagement/IntegrationServices/CSVtoJSONConverter!com.enhancesys.integration.services.interfaces.converter.DataConverter|java:global/EnhancesysManagement/IntegrationPublishers/WebServicePublisher!com.enhancesys.integration.services.interfaces.publisher.DataPublisher|NULL|now
1147|INTDW020 - Registration Feed (ACT2)|228|3|1|1|java:global/EnhancesysManagement/IntegrationServices/CSVtoJSONConverter!com.enhancesys.integration.services.interfaces.converter.DataConverter|java:global/EnhancesysManagement/IntegrationPublishers/WebServicePublisher!com.enhancesys.integration.services.interfaces.publisher.DataPublisher|NULL|now
1148|INTDW021 - SIM Swap Activation Feed|229|2|2|1|java:global/EnhancesysManagement/IntegrationServices/CSVtoJSONConverter!com.enhancesys.integration.services.interfaces.converter.DataConverter|java:global/EnhancesysManagement/IntegrationPublishers/WebServicePublisher!com.enhancesys.integration.services.interfaces.publisher.DataPublisher|NULL|now
1149|INTDW021 - SIM Swap Activation Feed|229|3|1|1|java:global/EnhancesysManagement/IntegrationServices/CSVtoJSONConverter!com.enhancesys.integration.services.interfaces.converter.DataConverter|java:global/EnhancesysManagement/IntegrationPublishers/WebServicePublisher!com.enhancesys.integration.services.interfaces.publisher.DataPublisher|NULL|now
1150|INTUP003 - Stock Entry Upload|230|2|2|1|java:global/EnhancesysManagement/IntegrationServices/CSVtoJSONConverter!com.enhancesys.integration.services.interfaces.converter.DataConverter|java:global/EnhancesysManagement/IntegrationPublishers/WebServicePublisher!com.enhancesys.integration.services.interfaces.publisher.DataPublisher|NULL|NOW
1151|INTUP003 - Stock Entry Upload|230|3|1|1|java:global/EnhancesysManagement/IntegrationServices/CSVtoJSONConverter!com.enhancesys.integration.services.interfaces.converter.DataConverter|java:global/EnhancesysManagement/IntegrationPublishers/WebServicePublisher!com.enhancesys.integration.services.interfaces.publisher.DataPublisher|NULL|NOW
1152|INTDW023 - Primary MOBO|231|2|2|1|java:global/EnhancesysManagement/IntegrationServices/CSVtoJSONConverter!com.enhancesys.integration.services.interfaces.converter.DataConverter|java:global/EnhancesysManagement/IntegrationPublishers/WebServicePublisher!com.enhancesys.integration.services.interfaces.publisher.DataPublisher|NULL|now
1153|INTDW024 - Secondary MOBO|232|2|2|1|java:global/EnhancesysManagement/IntegrationServices/CSVtoJSONConverter!com.enhancesys.integration.services.interfaces.converter.DataConverter|java:global/EnhancesysManagement/IntegrationPublishers/WebServicePublisher!com.enhancesys.integration.services.interfaces.publisher.DataPublisher|NULL|now
1154|INTDW025 - Tertiary MOBO|233|2|2|1|java:global/EnhancesysManagement/IntegrationServices/CSVtoJSONConverter!com.enhancesys.integration.services.interfaces.converter.DataConverter|java:global/EnhancesysManagement/IntegrationPublishers/WebServicePublisher!com.enhancesys.integration.services.interfaces.publisher.DataPublisher|NULL|now
1155|INTDW026 - Surviavability|234|2|2|1|java:global/EnhancesysManagement/IntegrationServices/CSVtoJSONConverter!com.enhancesys.integration.services.interfaces.converter.DataConverter|java:global/EnhancesysManagement/IntegrationPublishers/WebServicePublisher!com.enhancesys.integration.services.interfaces.publisher.DataPublisher|NULL|now
1156|DAILY_DUMP - Outlet Sales|235|2|1|1|java:global/EnhancesysManagement/IntegrationServices/OutletSalesDump!com.enhancesys.integration.services.interfaces.processor.PullDataToFile||NULL|now
1157|DAILY_DUMP - CSO Sales|236 |2|1|1|java:global/EnhancesysManagement/IntegrationServices/OutletSalesDump!com.enhancesys.integration.services.interfaces.processor.PullDataToFile||NULL|now
1158|DAILY_DUMP - MPC Sales|237	|2|1|1|java:global/EnhancesysManagement/IntegrationServices/OutletSalesDump!com.enhancesys.integration.services.interfaces.processor.PullDataToFile||NULL|now
1159|INTDWH020 – Quality of Acquisition|238|2|2|1|java:global/EnhancesysManagement/IntegrationServices/CSVtoJSONConverter!com.enhancesys.integration.services.interfaces.converter.DataConverter|java:global/EnhancesysManagement/IntegrationPublishers/WebServicePublisher!com.enhancesys.integration.services.interfaces.publisher.DataPublisher|NULL|now
1160|INTDWH020 – Quality of Acquisition|238|3|1|1|java:global/EnhancesysManagement/IntegrationServices/CSVtoJSONConverter!com.enhancesys.integration.services.interfaces.converter.DataConverter|java:global/EnhancesysManagement/IntegrationPublishers/WebServicePublisher!com.enhancesys.integration.services.interfaces.publisher.DataPublisher|NULL|now
1161|DAILY_DUMP - Quality of Acquisition Dump|239|2|1|1|java:global/EnhancesysManagement/IntegrationServices/OutletSalesDump!com.enhancesys.integration.services.interfaces.processor.PullDataToFile||NULL|now
1162|PJP Planned Calls Dump|240|2|1|1|java:global/EnhancesysManagement/IntegrationServices/PJPPlannedCallsDump!com.enhancesys.integration.services.interfaces.processor.PullDataToFile|||now
1163|INTTNM007 - Query Stock|241|3|1|1|java:global/EnhancesysManagement/IntegrationServices/JsonXmlDataConverter!com.enhancesys.integration.services.interfaces.converter.DataConverter|java:global/EnhancesysManagement/IntegrationPublishers/WebServicePublisher!com.enhancesys.integration.services.interfaces.publisher.DataPublisher|NULL|NOW
1164|INTTNM008 - Reserve Stock|242|3|1|1|java:global/EnhancesysManagement/IntegrationServices/JsonXmlDataConverter!com.enhancesys.integration.services.interfaces.converter.DataConverter|java:global/EnhancesysManagement/IntegrationPublishers/WebServicePublisher!com.enhancesys.integration.services.interfaces.publisher.DataPublisher|NULL|NOW